<?xml version="1.0" encoding="UTF-8"?>

<beans xmlns="http://www.springframework.org/schema/beans"
	xmlns:xsi="http://www.w3.org/2001/XMLSchema-instance"
	xmlns:context="http://www.springframework.org/schema/context"
	xmlns:tx="http://www.springframework.org/schema/tx"
	xsi:schemaLocation="http://www.springframework.org/schema/beans
	http://www.springframework.org/schema/beans/spring-beans-3.0.xsd
	http://www.springframework.org/schema/context
    http://www.springframework.org/schema/context/spring-context-3.0.xsd
    http://www.springframework.org/schema/tx
    http://www.springframework.org/schema/tx/spring-tx-3.0.xsd
    ">
    
    <context:component-scan base-package="com.sanjaya.jdbcdemo.*" />
    
    <bean id="datasource" class="org.springframework.jdbc.datasource.DriverManagerDataSource">    
    	<property name="driverClassName" value="com.mysql.jdbc.Driver" />
    	<property name="url" value="jdbc:mysql://localhost:3306/springdemo" />
    	<property name="username" value="root" />
    	<property name="password" value="password-1" />    
    </bean>
    
    <tx:annotation-driven transaction-manager="txManager" />
    	
    <bean id="txManager" class="org.springframework.jdbc.datasource.DataSourceTransactionManager">    
    	<property name="dataSource" ref="datasource" />  
    </bean>
    
</beans>

