<?xml version="1.0" encoding="UTF-8"?>

<beans xmlns="http://www.springframework.org/schema/beans"
	xmlns:xsi="http://www.w3.org/2001/XMLSchema-instance"
	xsi:schemaLocation="http://www.springframework.org/schema/beans
    http://www.springframework.org/schema/beans/spring-beans-3.0.xsd">

	<bean id="account1" class="com.sanjaya.pojos.BankAccount">
		<property name="accountNumber" value="1234" />
		<property name="bankName" value="SBI" />
		<property name="branchName" value="VSP" />
	</bean>
	
	<bean id="emp1" class="com.sanjaya.pojos.Employee" autowire="byType">
		<property name="empId" value="9999" />
		<property name="name" value="Vikranth Modi" />
		<property name="sal" value="49000" />		
	</bean>

</beans>